holo,apo,holo_res,apo_res,res_diff
2rbs,2rbp,1.557,1.46691,0.09009
2ou0,1c6g,1.94213,1.9158,0.026329999999999965
2at8,1koi,1.0,1.0800100000000001,-0.08001000000000014
3c78,1koi,0.9800120000000001,1.0800100000000001,-0.09999800000000003
3c77,1d2u,1.0800299999999998,1.15115,-0.07112000000000007
2oty,188l,1.70059,1.7873299999999999,-0.08673999999999982
2at6,4hpd,1.22003,1.30001,-0.07998000000000016
2h5d,1ssx,0.899717,0.829996,0.06972100000000003
2at5,4hpd,1.22,1.30001,-0.08001000000000014
4psy,4pth,0.8494860000000001,0.8494860000000001,0.0
4gui,4gfs,1.7800200000000002,1.8010099999999998,-0.02098999999999962
6nlk,5d8o,1.85,1.9000099999999998,-0.050009999999999666
2rb0,1c6h,1.8396,1.9166,-0.07700000000000018
4i3p,1yfu,1.9607700000000001,1.9,0.06077000000000021
3ht6,3ht8,1.41088,1.46241,-0.051530000000000076
4nmg,483d,1.00959,1.10585,-0.09626000000000001
4nxh,483d,1.15815,1.10585,0.05230000000000001
6a3h,1a3h,1.6664900000000002,1.60047,0.06602000000000019
6nlm,5d8o,1.9,1.9000099999999998,-9.999999999843467e-06
4w9s,4m5v,1.7998599999999998,1.7994599999999998,0.00039999999999995595
2rbr,2rbp,1.4336,1.46691,-0.03330999999999995
6ro3,4ngj,1.00004,1.09959,-0.09955000000000003
5d99,1q9a,0.97004,1.03995,-0.06990999999999992
4i6w,4i64,1.6633099999999998,1.75046,-0.08715000000000006
4mk2,4m5v,1.8429200000000001,1.7994599999999998,0.043460000000000276
5nyc,5nye,1.51005,1.55001,-0.03996000000000022
4oyq,4plu,1.6972200000000002,1.62897,0.06825000000000014
3htd,3hua,1.3998899999999999,1.40226,-0.0023700000000002053
3gy5,5k7r,1.56803,1.50001,0.06801999999999997
4r59,6fji,1.6473900000000001,1.5994,0.0479900000000002
2raz,1l83,1.64061,1.70629,-0.06568000000000018
2raz,181l,1.64061,1.70629,-0.06568000000000018
3gy4,3rxp,1.54961,1.59933,-0.049719999999999986
4rgc,4ptj,1.05027,1.05027,0.0
3gy2,5k7r,1.5671700000000002,1.50001,0.06716000000000011
4riu,6fji,1.6505400000000001,1.5994,0.051140000000000185
5nyb,5ny2,1.8808,1.8499400000000001,0.030859999999999888
5d2h,5d2f,1.73659,1.73775,-0.0011599999999998278
6b4n,5bry,1.30118,1.33877,-0.03759000000000001
2z3c,2z9g,1.7900599999999998,1.8585099999999999,-0.06845000000000012
1gi2,4ncy,1.3301,1.423,-0.09289999999999998
1gi1,4ncy,1.3309,1.423,-0.09210000000000007
5wlo,5bry,1.26938,1.33877,-0.06939000000000006
1gi0,1c2m,1.34009,1.33039,0.009700000000000042
1zha,1t99,1.7399099999999998,1.75004,-0.010130000000000194
1ghz,1c2m,1.3301,1.33039,-0.00028999999999990145
2wbw,2j12,1.55016,1.50119,0.04896999999999996
4whq,4who,1.78235,1.82997,-0.047619999999999996
5tyk,5ch3,1.65,1.7100099999999998,-0.0600099999999999
5tyk,5ivh,1.65,1.7100099999999998,-0.0600099999999999
5tyk,5ivd,1.65,1.7100099999999998,-0.0600099999999999
3s0d,3s0a,1.24001,1.1499,0.09011000000000013
4whr,3t67,1.58205,1.6722,-0.09014999999999995
1uih,1jiy,1.7517599999999998,1.85011,-0.09835000000000016
2zxg,3b2x,1.54996,1.50153,0.04842999999999997
3f33,3f38,1.70022,1.7502900000000001,-0.05007000000000006
3f34,3f38,1.6801400000000002,1.7502900000000001,-0.07014999999999993
6coe,6cob,1.84401,1.8211700000000002,0.02283999999999975
2wd4,2vnx,1.40065,1.5000799999999999,-0.09942999999999991
2bf6,2vk5,0.970001,0.969995,5.999999999950489e-06
3f36,3f38,1.70006,1.7502900000000001,-0.05023000000000022
3mv6,4who,1.85894,1.82997,0.02896999999999994
3huk,3htg,1.28928,1.25621,0.03306999999999993
5nhy,3q93,1.72005,1.8,-0.07994999999999997
3mfl,4who,1.77562,1.82997,-0.05435000000000012
6oe0,3kok,1.3,1.39809,-0.09809000000000001
4qom,4qoo,1.65,1.75,-0.10000000000000009
6oe1,2ax2,1.45,1.50001,-0.05001000000000011
4i4v,4i4u,1.50001,1.5720100000000001,-0.07200000000000006
4jsa,4js6,1.50004,1.55005,-0.05000999999999989
4jsz,4jsw,1.9000099999999998,1.9,9.999999999843467e-06
2ntu,2ntw,1.53046,1.5304200000000001,3.999999999981796e-05
1i2w,1i2s,1.6543900000000002,1.6532099999999998,0.001180000000000403
1tx8,3atk,1.69714,1.74102,-0.04387999999999992
2vb8,2vb9,1.5161799999999999,1.50006,0.016119999999999912
2ray,188l,1.7976400000000001,1.7873299999999999,0.010310000000000263
4i8h,3mi4,0.75183,0.801098,-0.04926799999999998
4i8h,3mfj,0.75183,0.801098,-0.04926799999999998
6eeo,4zao,1.7191400000000001,1.80065,-0.08150999999999997
1g3c,2bza,1.79994,1.8997400000000002,-0.09980000000000011
1w4p,3ev0,1.6756900000000001,1.77151,-0.0958199999999998
1tx7,3atk,1.75062,1.74102,0.009600000000000053
1bjv,3atk,1.6987299999999999,1.74102,-0.04229000000000016
1w4o,4l55,1.61161,1.64668,-0.035069999999999935
6b6c,6b6b,1.8996099999999998,1.80003,0.09957999999999978
4i8j,5mnc,0.871002,0.915877,-0.044875
1f0t,2tio,1.90028,1.932,-0.03171999999999997
6b6e,6b6b,1.8996400000000002,1.80003,0.0996100000000002
3aau,3atk,1.8002900000000002,1.74102,0.059270000000000156
1f0u,2bza,1.8016599999999998,1.8997400000000002,-0.09808000000000039
4yta,2by5,1.20002,1.3000200000000002,-0.10000000000000009
4yta,2by6,1.20002,1.3000200000000002,-0.10000000000000009
4yta,2by9,1.20002,1.3000200000000002,-0.10000000000000009
4i8k,5mnc,0.8495389999999999,0.915877,-0.06633800000000012
4i8g,3mi4,0.801098,0.801098,0.0
4i8g,3mfj,0.801098,0.801098,0.0
4i8l,5mnc,0.869009,0.915877,-0.04686800000000002
6gx0,3ioh,1.25,1.25001,-1.0000000000065512e-05
4mtb,1utq,1.21974,1.14998,0.06976000000000004
1g3e,2bza,1.8,1.8997400000000002,-0.09974000000000016
1g3d,2bza,1.7999900000000002,1.8997400000000002,-0.09975
1w4q,3ev0,1.67652,1.77151,-0.09498999999999991
3unr,2by5,1.20002,1.3000200000000002,-0.10000000000000009
3unr,2by6,1.20002,1.3000200000000002,-0.10000000000000009
3unr,2by9,1.20002,1.3000200000000002,-0.10000000000000009
6b6d,6b6b,1.8000099999999999,1.80003,-2.0000000000131024e-05
6ebe,3k7k,1.8795,1.90022,-0.02072000000000007
6eda,3k7k,1.8795,1.90022,-0.02072000000000007
5t3h,5k7r,1.5503200000000001,1.50001,0.05031000000000008
1g3b,2bza,1.80005,1.8997400000000002,-0.09969000000000028
4a9k,3p1d,1.80605,1.8600700000000001,-0.05402000000000018
6e8p,4zao,1.8998,1.80065,0.09914999999999985
5y02,5xzt,1.8,1.8000099999999999,-9.999999999843467e-06
1qbo,1tgc,1.80201,1.7973,0.004709999999999992
6e91,4zao,1.7987799999999998,1.80065,-0.0018700000000002603
3ryj,4q7w,1.39136,1.45001,-0.05865000000000009
3ryv,4ygn,1.19201,1.22908,-0.037069999999999936
2fmg,4q7p,1.59975,1.65005,-0.05030000000000001
2fmz,4q7p,1.59992,1.65005,-0.05013000000000001
5sz2,4e5q,1.6303299999999998,1.7024,-0.07207000000000008
5sz3,4e5q,1.6888400000000001,1.7024,-0.013559999999999794
6gxb,4ywp,1.34991,1.4481600000000001,-0.09825000000000017
5nxg,5thn,1.199,1.29774,-0.09873999999999983
4fvo,3d92,1.04967,1.10517,-0.05549999999999988
4fvn,3d92,1.05024,1.10517,-0.05492999999999992
5w8b,4q7p,1.60123,1.65005,-0.048820000000000086
6e92,4zao,1.7724799999999998,1.80065,-0.02817000000000025
6b59,4q7p,1.63781,1.65005,-0.012240000000000029
5eij,3k7k,1.9756799999999999,1.90022,0.07545999999999986
6mbv,4e5q,1.69462,1.7024,-0.007779999999999898
4frc,5y2r,0.980049,0.9990479999999999,-0.018998999999999988
5jmz,4zao,1.89969,1.80065,0.09904000000000002
2q1q,4e5q,1.65883,1.7024,-0.04356999999999989
4m2u,3k7k,1.9991599999999998,1.90022,0.0989399999999998
5nya,5thn,1.19906,1.29774,-0.09867999999999988
5sz1,3s76,1.54673,1.60101,-0.054280000000000106
3lka,2oxz,1.80053,1.90005,-0.09952000000000005
5nxm,5u0f,1.24625,1.20679,0.03946000000000005
5jn7,3s76,1.51661,1.60101,-0.08440000000000003
4z1n,2vva,1.4688299999999999,1.55996,-0.09113000000000016
3m2x,3k7k,1.86637,1.90022,-0.033849999999999936
6mby,4q9y,1.4955200000000002,1.55,-0.05447999999999986
5ny6,5nxv,1.10018,1.09728,0.0028999999999999027
5wlu,4ywp,1.38754,1.4481600000000001,-0.06062000000000012
5nxp,5u0f,1.24888,1.20679,0.04208999999999996
5ny3,3kon,1.39992,1.49753,-0.09760999999999997
4z0q,2ax2,1.45025,1.50001,-0.049760000000000026
2xyg,6bfj,1.57594,1.54275,0.03318999999999983
3mnu,3k7k,1.80152,1.90022,-0.09870000000000001
5wlr,4ywp,1.46201,1.4481600000000001,0.013849999999999918
4fu5,5y2r,0.979928,0.9990479999999999,-0.019119999999999915
5wlt,4q7p,1.56956,1.65005,-0.08048999999999995
4z1k,5yuk,1.3499299999999999,1.449,-0.09907000000000021
5nxw,3d93,1.09912,1.10095,-0.0018299999999999983
1xep,2rbp,1.54969,1.46691,0.08278000000000008
3bl0,3k7k,1.9000099999999998,1.90022,-0.00021000000000026553
5sz0,4e5q,1.6288799999999999,1.7024,-0.07352000000000003
5j1q,3wc6,1.74,1.6509900000000002,0.08900999999999981
3wc5,3wc6,1.70007,1.6509900000000002,0.04907999999999979
4z1j,5u0f,1.26915,1.20679,0.06235999999999997
4fpt,5y2r,0.9802200000000001,0.9990479999999999,-0.018827999999999845
5ny1,3d92,1.09893,1.10517,-0.006240000000000023
5mng,5mnb,0.8598899999999999,0.939371,-0.07948100000000002
4xv7,4xv8,1.62063,1.5700100000000001,0.05061999999999989
3qu0,1pw2,1.95007,1.94055,0.009519999999999973
4v2z,5oha,1.45051,1.5504,-0.09989000000000003
5u61,4jm8,1.22214,1.30018,-0.07803999999999989
3qqk,1pw2,1.85002,1.94055,-0.09053
3v7z,3qnv,1.60998,1.69002,-0.08004000000000011
5mno,5mne,0.960253,1.00757,-0.04731700000000005
3r1q,1pw2,1.84992,1.94055,-0.09062999999999999
5mnn,5mnb,0.8594809999999999,0.939371,-0.07989000000000002
4v30,5oh2,1.8494,1.89693,-0.04753000000000007
5mnh,5mne,0.9302600000000001,1.00757,-0.07730999999999999
4nmt,4k6y,1.39199,1.48001,-0.08801999999999999
5u60,4nve,1.50001,1.49416,0.005850000000000133
3r8v,1pw2,1.89982,1.94055,-0.04072999999999993
5u5w,4jqn,1.2900200000000002,1.35966,-0.06963999999999992
3qtw,1pw2,1.8494700000000002,1.94055,-0.09107999999999983
5mnp,5mne,1.00996,1.00757,0.002389999999999892
5u5y,4jqn,1.3,1.35966,-0.059660000000000046
5u5u,4jpu,1.33,1.4114,-0.08139999999999992
8a3h,7a3h,0.9805969999999999,0.952722,0.027874999999999983
3qwk,1pw2,1.8500400000000001,1.94055,-0.09050999999999987
3qx4,1pw2,1.9200099999999998,1.94055,-0.020540000000000225
3r7y,1pw2,1.90005,1.94055,-0.04049999999999998
3qql,1pw2,1.85018,1.94055,-0.09037000000000006
3a3h,1a3h,1.6352799999999998,1.60047,0.034809999999999786
4drv,4drr,1.555,1.50005,0.05494999999999983
5oh8,5oh2,1.9496,1.89693,0.052669999999999995
3rni,1pw2,1.9500099999999998,1.94055,0.009459999999999802
2zqa,2zq7,0.9500069999999999,0.9400069999999999,0.010000000000000009
3rm7,1pw2,1.85007,1.94055,-0.0904799999999999
3r7e,1pw2,1.90002,1.94055,-0.040529999999999955
3r7v,1pw2,1.9500099999999998,1.94055,0.009459999999999802
4nmv,4k6y,1.40004,1.48001,-0.0799700000000001
3rk9,1pw2,1.85008,1.94055,-0.09047000000000005
5u5v,4jm8,1.22204,1.30018,-0.07813999999999988
3rjc,1pw2,1.8500599999999998,1.94055,-0.09049000000000018
4ds0,4drr,1.555,1.50005,0.05494999999999983
3qtx,1pw2,1.95,1.94055,0.009449999999999958
6r1c,5oha,1.4949299999999999,1.5504,-0.05547000000000013
3qzh,1pw2,1.95002,1.94055,0.00947000000000009
3ql8,1pw2,1.9000700000000001,1.94055,-0.04047999999999985
5mnq,4hgc,1.33705,1.294,0.04305000000000003
4xv5,4xv8,1.55435,1.5700100000000001,-0.01566000000000023
3r9d,1pw2,1.95005,1.94055,0.009500000000000064
4uho,4uhm,1.23876,1.32949,-0.09072999999999998
3unj,1pw2,1.9000599999999999,1.94055,-0.04049000000000014
4mdg,3kok,1.35001,1.39809,-0.04808000000000012
6rvg,3qmp,1.10001,1.10004,-2.999999999997449e-05
5mb7,5p13,1.29901,1.3988200000000002,-0.09981000000000018
5lcp,5lct,1.42251,1.4956399999999999,-0.07312999999999992
5m6v,5lct,1.41774,1.4956399999999999,-0.07789999999999986
5m71,5lct,1.48783,1.4956399999999999,-0.007809999999999873
5lcu,5lct,1.57945,1.4956399999999999,0.08381000000000016
5mb5,5p4l,0.979665,1.07932,-0.09965500000000005
5mb0,5p4z,1.1486399999999999,1.24843,-0.09979000000000005
2zu4,2z9g,1.9335900000000001,1.8585099999999999,0.07508000000000026
3vbd,5nxv,1.04976,1.09728,-0.04752000000000001
1xz3,3f32,1.61805,1.7,-0.08194999999999997
3v7x,5nxv,1.032,1.09728,-0.06528
5fbi,1bio,1.46001,1.50126,-0.04125000000000001
5fbe,1bio,1.43003,1.50126,-0.07123000000000013
6f23,3q93,1.84001,1.8,0.04000999999999988
2zu3,2ztx,1.74747,1.69658,0.0508900000000001
2gyd,3f38,1.7202400000000002,1.7502900000000001,-0.03004999999999991
3v2p,3v2n,1.87463,1.8000099999999999,0.07462000000000013
5oke,5ok7,1.31,1.34,-0.030000000000000027
5zpb,5zp5,1.7926099999999998,1.7668,0.02580999999999989
5zpo,5zp5,1.729,1.7668,-0.037799999999999834
5zp2,5zp5,1.7480000000000002,1.7668,-0.018799999999999706
5zp0,5zp5,1.7380000000000002,1.7668,-0.028799999999999715
5zp6,5zp5,1.6878400000000002,1.7668,-0.0789599999999997
5zp3,5zp5,1.7819999999999998,1.7668,0.01519999999999988
5zoy,5zp5,1.695,1.7668,-0.07179999999999986
5zoz,5zp5,1.7019,1.7668,-0.06489999999999996
5zox,5zp5,1.69087,1.7668,-0.07592999999999983
5zph,5zp5,1.7196799999999999,1.7668,-0.04712000000000005
4cr9,1zhr,1.7001,1.73131,-0.03120999999999996
5zow,5zp5,1.7776,1.7668,0.010800000000000143
5zou,5zp5,1.679,1.7668,-0.08779999999999988
5zpf,5zp5,1.7589099999999998,1.7668,-0.007890000000000175
4cra,1zhr,1.8002599999999997,1.73131,0.06894999999999984
5zpc,5zp5,1.7406400000000002,1.7668,-0.02615999999999974
5zp9,5zp5,1.69973,1.7668,-0.06706999999999996
5zps,5zp5,1.74796,1.7668,-0.018839999999999968
5zpe,5zp5,1.6891900000000002,1.7668,-0.07760999999999973
5zp4,5zp5,1.7987400000000002,1.7668,0.0319400000000003
5zpi,5zp5,1.74653,1.7668,-0.02027000000000001
5zpa,5zp5,1.6888900000000002,1.7668,-0.0779099999999997
5zp1,5zp5,1.66897,1.7668,-0.09782999999999986
2bja,2ejd,1.89895,1.84802,0.05092999999999992
2ehu,2iy6,1.80227,1.79929,0.0029799999999999827
2eii,2iy6,1.87894,1.79929,0.07965
4kjj,4p3r,1.1503,1.1503,0.0
3csz,3csr,1.80004,1.8000900000000002,-5.0000000000105516e-05
2bhp,2iy6,1.7982200000000002,1.79929,-0.0010699999999999044
3ct0,3csr,1.7716,1.8000900000000002,-0.028490000000000126
3ch3,3ch2,1.7891700000000001,1.7989099999999998,-0.009739999999999638
2ien,5bry,1.2994299999999999,1.33877,-0.03934000000000015
2htx,4j1b,1.55971,1.65767,-0.09796000000000005
2gd8,4q9y,1.45784,1.55,-0.09216000000000002
2aoi,5bry,1.33946,1.33877,0.0006900000000000794
4r37,4r36,1.90018,1.9006299999999998,-0.0004499999999998394
1f74,1f6k,1.52789,1.60004,-0.07214999999999994
3qng,4owc,1.53662,1.62001,-0.08338999999999985
2aod,5bry,1.3986399999999999,1.33877,0.05986999999999987
4nfp,4nfo,1.60572,1.60931,-0.003589999999999982
2hu1,4lfp,1.62906,1.71977,-0.09071000000000007
4q8x,4mlx,1.55001,1.65,-0.0999899999999998
2dvx,2dvt,1.70128,1.7,0.0012799999999999478
1xbv,1kv8,1.65847,1.61932,0.03915000000000002
4q81,3s76,1.5497100000000001,1.60101,-0.0512999999999999
1tku,1tks,1.6964099999999998,1.6002299999999998,0.09617999999999993
4q83,4q7p,1.55005,1.65005,-0.10000000000000009
1kw6,1kw3,1.45001,1.45012,-0.0001100000000000545
4q87,4mlx,1.5500200000000002,1.65,-0.09997999999999974
4q8y,4q9y,1.45004,1.55,-0.09996000000000005
3s8u,483d,1.20012,1.10585,0.09427000000000008
3ft2,3mrj,1.8,1.87011,-0.0701099999999999
2nu5,2nuo,1.5636,1.49819,0.06541000000000019
3hga,1osu,1.29871,1.23959,0.05912000000000006
3s7c,483d,1.10019,1.10585,-0.005659999999999998
1lp4,1lpu,1.8604,1.85752,0.0028799999999999937
4jl1,4j27,1.68,1.59102,0.08897999999999984
4hap,4gwa,1.60001,1.60001,0.0
5mh1,5mh0,1.06713,1.14202,-0.07489000000000012
4jxr,4jxq,1.14995,1.15,-4.999999999988347e-05
1n2e,1mop,1.60028,1.60026,1.999999999990898e-05
5y5r,5y57,1.89878,1.9608900000000002,-0.06211000000000033
5u88,5u7c,1.8009,1.7502900000000001,0.05060999999999982
1uk8,1uka,1.6000299999999998,1.70003,-0.10000000000000009
3u81,4pym,1.13004,1.19,-0.05996000000000001
3gnr,3gno,1.81003,1.8300599999999998,-0.02002999999999977
2piy,1z5r,1.43003,1.40001,0.030019999999999936
4bkc,4bk6,1.7300099999999998,1.63113,0.09887999999999986
5bkb,5bk9,1.5820100000000001,1.5095,0.07251000000000007
4zun,4zup,1.39701,1.42068,-0.023669999999999858
3qff,3q2o,1.96112,1.95688,0.0042400000000000215
4zuo,4zup,1.33,1.42068,-0.09067999999999987
4zum,4zup,1.42001,1.42068,-0.0006699999999999484
3ikr,3ikn,1.6500099999999998,1.6,0.050009999999999666
6eoe,6eoc,1.705,1.6675,0.03750000000000009
4asq,2x95,1.89705,1.9596900000000002,-0.06264000000000025
4aa1,2x95,1.99099,1.9596900000000002,0.031299999999999883
2x90,2x95,1.97862,1.9596900000000002,0.01892999999999989
2xhm,2x95,1.95901,1.9596900000000002,-0.000680000000000236
4aa2,2x95,1.9904700000000002,1.9596900000000002,0.03078000000000003
4asr,2x95,1.89503,1.9596900000000002,-0.06466000000000016
2x93,2x95,1.98127,1.9596900000000002,0.021579999999999933
4tte,4qsq,1.8,1.8013299999999999,-0.0013299999999998313
2x94,2x95,1.88145,1.9596900000000002,-0.07824000000000009
3ip8,3dg9,1.4980200000000001,1.5,-0.0019799999999998708
4tu4,4qsq,1.7300799999999998,1.8013299999999999,-0.07125000000000004
1mb4,3q0e,1.8445200000000002,1.7992299999999999,0.045290000000000274
4gbn,4gbc,1.8720700000000001,1.7785,0.09357000000000015
2rch,3cli,1.84998,1.8000099999999999,0.04997000000000007
5hh5,1sml,1.74997,1.71,0.03997000000000006
5uyu,2zhv,1.9,1.84317,0.056829999999999936
3vig,3vii,0.9890000000000001,0.970002,0.01899800000000007
2q2n,2hk6,1.8000099999999999,1.71013,0.08987999999999996
3u0e,3lrf,1.60001,1.60007,-6.000000000017103e-05
5e74,5e9m,1.7830000000000001,1.7776900000000002,0.005309999999999926
5l8t,5e9m,1.85,1.7776900000000002,0.07230999999999987
5dyx,5e9m,1.8500299999999998,1.7776900000000002,0.07233999999999963
5dyu,5e9y,1.6500099999999998,1.6000299999999998,0.04997999999999991
3vif,3vih,0.9990020000000001,1.03,-0.03099799999999997
3a22,3a23,1.9000099999999998,1.9000599999999999,-5.0000000000105516e-05
5l8u,5e9m,1.85001,1.7776900000000002,0.07231999999999972
3mul,3jvj,1.6500099999999998,1.5501200000000002,0.09988999999999959
6ajv,6ajw,1.44983,1.4011,0.04872999999999994
5sxs,5syl,1.88737,1.95,-0.06262999999999996
2rfy,2rfw,1.69995,1.59998,0.09997000000000011
5ida,5id8,1.0996299999999999,1.09829,0.0013399999999998968
3s20,3row,1.83906,1.8486799999999999,-0.009619999999999962
4jma,5u5x,1.59901,1.52252,0.07648999999999995
4jqk,4jpu,1.359,1.4114,-0.0524
4w94,4ngv,1.55014,1.6401400000000002,-0.09000000000000008
5glp,5glm,1.8000200000000002,1.8002799999999999,-0.0002599999999997049
5z0h,3aws,1.17954,1.23853,-0.058989999999999876
4jpt,4jpu,1.4118700000000002,1.4114,0.0004700000000001925
4jpl,4jpu,1.41119,1.4114,-0.00021000000000004349
5glo,5glm,1.80003,1.8002799999999999,-0.00024999999999986144
5glr,5glm,1.70163,1.8002799999999999,-0.0986499999999999
5glq,5gln,1.7,1.70003,-2.999999999997449e-05
4jm6,4xv6,1.45223,1.55001,-0.0977800000000002
5z0i,3ax0,1.31929,1.40015,-0.08085999999999993
4jqm,4nvf,1.41032,1.49,-0.07967999999999997
4jqj,5u5x,1.60102,1.52252,0.07850000000000001
3qke,4kws,1.55,1.64232,-0.09231999999999996
3gl0,3gke,1.74905,1.74957,-0.000520000000000076
5e29,1y4g,1.85001,1.90773,-0.057719999999999994
6csr,6css,1.61901,1.7,-0.0809899999999999
5av2,5av1,1.5016399999999999,1.49746,0.0041799999999998505
5auv,5av1,1.4993299999999998,1.49746,0.0018699999999998163
2d60,3qje,1.7027299999999999,1.8000200000000002,-0.09729000000000032
5aux,5av1,1.5001200000000001,1.49746,0.0026600000000001067
3ut6,3onv,1.89477,1.8934099999999998,0.00136000000000025
3k5x,3id7,1.39816,1.29939,0.09877000000000002
5yq2,3b2x,1.59998,1.50153,0.09844999999999993
5yqb,3b2x,1.56072,1.50153,0.059190000000000076
5yq1,3b2x,1.58025,1.50153,0.0787199999999999
4mb4,4mb3,1.4808,1.5478,-0.06700000000000017
4mb5,4mb3,1.63877,1.5478,0.09097
5pau,5pa9,1.55001,1.55203,-0.0020199999999999108
5paf,5pa9,1.4983,1.55203,-0.053730000000000055
5pb3,5paa,1.90002,1.9809999999999999,-0.08097999999999983
5pas,5pa9,1.48316,1.55203,-0.06886999999999999
2qdy,3x26,1.29987,1.34016,-0.04028999999999994
5pam,5pa9,1.6000299999999998,1.55203,0.04799999999999982
5paj,5pb1,1.7000400000000002,1.8,-0.09995999999999983
6i12,6i14,1.65002,1.7300200000000001,-0.08000000000000007
5tkc,5tjs,1.7793599999999998,1.78014,-0.000780000000000225
6i11,6i14,1.6700099999999998,1.7300200000000001,-0.06001000000000034
1mmy,1mn0,1.8061,1.8880400000000002,-0.08194000000000012
5xbx,5xbu,1.04,0.9990020000000001,0.04099799999999998
2yaj,2y8n,1.75079,1.75,0.0007900000000000684
4ecj,4eci,1.75951,1.7589,0.0006099999999999994
3tou,3tot,1.7480099999999998,1.76058,-0.012570000000000192
6f4x,5lu0,1.6942599999999999,1.729,-0.034740000000000215
6f2i,5hmj,1.2005700000000001,1.29987,-0.09929999999999994
3tl9,5bry,1.31966,1.33877,-0.01910999999999996
3twb,3twa,1.76062,1.75775,0.00287000000000015
6ad5,5ob8,1.7500900000000001,1.85007,-0.09997999999999996
6f2j,5k2n,1.30159,1.4012200000000001,-0.09963000000000011
3vf5,4flg,1.24855,1.30831,-0.059760000000000035
6aea,4ngk,1.40008,1.50007,-0.09999000000000002
1iiq,1sp5,1.83005,1.80103,0.029020000000000046
5dgu,4fl8,1.2199799999999998,1.19561,0.02436999999999978
3a94,1dpx,1.55009,1.6500700000000001,-0.09998000000000018
4xad,4lyc,1.24901,1.34817,-0.09916000000000014
6pbb,4wl7,1.87425,1.9501700000000002,-0.07592000000000021
3b6s,3bp4,1.7983799999999999,1.84945,-0.05107000000000017
3szb,3sza,1.50952,1.48146,0.028059999999999974
6glm,6glk,1.5994899999999999,1.50014,0.09934999999999983
6ioi,6iog,1.60017,1.54552,0.05465000000000009
6gln,6glk,1.40127,1.50014,-0.09887000000000001
3wfu,5zze,1.3540299999999998,1.42346,-0.0694300000000001
5a82,3dai,1.86055,1.9500099999999998,-0.08945999999999987
5a5n,3dai,1.9501,1.9500099999999998,9.000000000014552e-05
6s57,4qsu,1.82,1.9001,-0.08009999999999984
6hdn,3dai,1.9,1.9500099999999998,-0.05000999999999989
5a5q,3dai,1.96626,1.9500099999999998,0.016250000000000098
3mfv,2pho,1.90163,1.94902,-0.04739000000000004
4cuu,5pe1,1.80067,1.9000099999999998,-0.09933999999999976
4cus,5pgo,1.78338,1.88052,-0.09714
4cup,5pem,1.88002,1.9500099999999998,-0.06998999999999977
4yh4,4lyi,1.33199,1.30001,0.0319799999999999
4cur,5pbo,1.84155,1.9300099999999998,-0.08845999999999976
3mfw,3gmz,1.4678200000000001,1.43099,0.03683000000000014
3mhi,4e5q,1.70002,1.7024,-0.0023799999999998267
4cut,5pfx,1.83483,1.8860299999999999,-0.05119999999999991
4pyy,4q7s,1.75,1.8002599999999997,-0.05025999999999975
3sbi,3kon,1.4,1.49753,-0.09753000000000012
5nea,5dso,1.30156,1.40099,-0.09942999999999991
3n2p,2vvb,1.6481400000000002,1.65898,-0.010839999999999739
6h3q,5dso,1.31,1.40099,-0.0909899999999999
5n0e,4q7s,1.75164,1.8002599999999997,-0.048619999999999663
5e2k,4q99,1.40079,1.50001,-0.09922000000000009
5drs,3d93,1.099,1.10095,-0.0019500000000001183
5fdi,5eoi,1.8509099999999998,1.8030000000000002,0.047909999999999675
5ljt,5nxv,1.0015399999999999,1.09728,-0.09574000000000016
3po6,2vva,1.47204,1.55996,-0.08792
4ht0,4q7p,1.60001,1.65005,-0.050040000000000084
4qsi,3k7k,1.9500099999999998,1.90022,0.04978999999999978
4wl4,5yui,1.102,1.19929,-0.09728999999999988
5n25,4q8z,1.40155,1.5009,-0.09934999999999983
3myq,5yuk,1.35,1.449,-0.09899999999999998
5n1r,3kok,1.3019999999999998,1.39809,-0.09609000000000023
3m98,4q7v,1.50001,1.60001,-0.09999999999999987
5n1s,3kok,1.30001,1.39809,-0.09807999999999995
4ogf,4p34,1.59985,1.55001,0.049839999999999884
4ruz,4e5q,1.6299,1.7024,-0.07250000000000001
6e5z,4p2g,1.35056,1.35004,0.000520000000000076
4qtl,1f2w,1.8000599999999998,1.9000400000000002,-0.0999800000000004
4kuw,3s76,1.50181,1.60101,-0.09919999999999995
5nee,4q7s,1.7009999999999998,1.8002599999999997,-0.0992599999999999
3mmf,4q9y,1.49902,1.55,-0.050980000000000025
6g6t,5yui,1.123,1.19929,-0.07628999999999997
4lhi,4q7p,1.60001,1.65005,-0.050040000000000084
3s9t,3kok,1.30003,1.39809,-0.09806000000000004
5e28,5dso,1.30165,1.40099,-0.09933999999999998
3hlj,4q90,1.4414,1.54001,-0.09861000000000009
4pyx,1f2w,1.80004,1.9000400000000002,-0.10000000000000009
3n4b,2cbb,1.60018,1.6775900000000001,-0.0774100000000002
3s8x,5dsp,1.3000399999999999,1.39831,-0.09827000000000008
3m5e,2cbb,1.7,1.6775900000000001,0.02240999999999982
5llg,5yui,1.122,1.19929,-0.07728999999999986
5n24,2ax2,1.5005899999999999,1.50001,0.0005799999999998029
6g3v,6hwz,1.6927400000000001,1.643,0.04974000000000012
4kv0,3s76,1.54999,1.60101,-0.051020000000000065
4rux,5yui,1.13983,1.19929,-0.05946000000000007
6got,4q7p,1.56002,1.65005,-0.09003000000000005
3v5g,3s76,1.5015100000000001,1.60101,-0.09949999999999992
5llc,5nxv,1.1,1.09728,0.0027200000000000557
5e2s,2vva,1.50001,1.55996,-0.05994999999999995
4rh2,5dsp,1.3,1.39831,-0.0983099999999999
3m96,4q99,1.40001,1.50001,-0.10000000000000009
4wkh,4wjx,1.04952,0.999891,0.049629000000000034
3mhc,4e5q,1.6976,1.7024,-0.0047999999999999154
5jq0,4q8z,1.40091,1.5009,-0.0999899999999998
4ww6,3d93,1.06,1.10095,-0.04095000000000004
4qjm,4q7s,1.7500099999999998,1.8002599999999997,-0.050249999999999906
5dog,4e5q,1.7000099999999998,1.7024,-0.0023900000000001143
4kni,4q7s,1.8000200000000002,1.8002599999999997,-0.0002399999999995739
4yik,4l6a,1.48304,1.402,0.08104
6b4d,3gz0,1.19626,1.26699,-0.07072999999999996
5o97,5f60,1.3000200000000002,1.35007,-0.05004999999999993
4qsa,2vva,1.50101,1.55996,-0.05895000000000006
5llh,3k7k,1.9000599999999999,1.90022,-0.00016000000000016001
5fdc,5eoi,1.75,1.8030000000000002,-0.05300000000000016
3m2n,2vva,1.6500299999999999,1.55996,0.09006999999999987
4q6d,5yui,1.123,1.19929,-0.07628999999999997
3sap,4q7s,1.75004,1.8002599999999997,-0.05021999999999971
4q6e,5yui,1.12101,1.19929,-0.0782799999999999
5ljq,5nxv,1.05053,1.09728,-0.04675000000000007
3n3j,2vva,1.50016,1.55996,-0.059800000000000075
3m40,2cbb,1.6000299999999998,1.6775900000000001,-0.0775600000000003
4ruy,5yui,1.13975,1.19929,-0.059539999999999926
4qsb,4q99,1.40002,1.50001,-0.09999000000000002
3m67,4q7s,1.8000200000000002,1.8002599999999997,-0.0002399999999995739
3mhm,4q9y,1.5,1.55,-0.050000000000000044
5ehe,4q9y,1.5,1.55,-0.050000000000000044
3n0n,2vva,1.50004,1.55996,-0.05991999999999997
5lle,3k7k,1.90002,1.90022,-0.00019999999999997797
3sax,5nxv,1.09922,1.09728,0.0019400000000000528
4kuy,4e5q,1.65195,1.7024,-0.050449999999999884
2nq6,4u6j,1.5025700000000002,1.55807,-0.05549999999999988
5y0g,2hnx,1.54201,1.50126,0.040750000000000064
4pzh,5nxv,1.05901,1.09728,-0.038270000000000026
6b8k,2nmo,1.28003,1.35002,-0.06999
2afx,2afz,1.63959,1.6797900000000001,-0.040200000000000014
2rct,2rcq,1.2,1.20001,-1.0000000000065512e-05
5h9r,5nfc,1.57959,1.58728,-0.007689999999999975
4onm,4onl,1.34972,1.3331899999999999,0.016530000000000156
4r9a,6exy,1.19674,1.09995,0.09678999999999993
4r9a,6exy,1.19674,1.09995,0.09678999999999993
4nib,6s34,1.30522,1.3497700000000001,-0.04455000000000009
3t1l,5nfc,1.60005,1.58728,0.012769999999999948
4lbo,5nfc,1.6490599999999997,1.58728,0.061779999999999724
3nv3,3nv1,1.5700399999999999,1.49752,0.07251999999999992
5y0f,2hnx,1.54308,1.50126,0.04181999999999997
2nn8,2nmo,1.35,1.35002,-1.999999999990898e-05
4nfl,4l6a,1.37496,1.402,-0.027039999999999953
5ghq,5ghp,1.1810100000000001,1.192,-0.010989999999999833
5gho,5ghp,1.19087,1.192,-0.0011299999999998533
5wzw,5wzo,1.9501,1.9000099999999998,0.05009000000000019
4ux4,3u9h,1.8,1.7499900000000002,0.05000999999999989
4bu8,3u9h,1.8499700000000001,1.7499900000000002,0.09997999999999996
4bu6,3u9h,1.8000200000000002,1.7499900000000002,0.05003000000000002
4ufy,3u9h,1.7000099999999998,1.7499900000000002,-0.04998000000000036
4uhg,3u9h,1.7000099999999998,1.7499900000000002,-0.04998000000000036
4bu5,3u9h,1.80005,1.7499900000000002,0.05005999999999977
6h1h,4ewe,1.54001,1.55807,-0.018059999999999965
3r0t,5zn5,1.75005,1.69823,0.0518200000000002
4buv,3u9h,1.79994,1.7499900000000002,0.04994999999999994
5en3,5cn3,1.21987,1.2992,-0.0793299999999999
5jid,1f41,1.199,1.29847,-0.09946999999999995
3cft,1zd6,1.87135,1.9,-0.028649999999999842
5jiq,5cnh,1.4480000000000002,1.4189399999999999,0.029060000000000308
5boj,2g4g,1.75016,1.85001,-0.09985
5ihh,5lll,1.35001,1.42,-0.06999
5l4m,3cfm,1.58146,1.60007,-0.018610000000000015
5jim,5cn3,1.26,1.2992,-0.0391999999999999
5l4i,5cnh,1.45,1.4189399999999999,0.031060000000000088
5l4j,3cfm,1.62,1.60007,0.019930000000000003
5hjg,5cnh,1.40001,1.4189399999999999,-0.01892999999999989
3cfn,1zcr,1.8699,1.8021900000000002,0.06770999999999971
6gr7,5cnh,1.40002,1.4189399999999999,-0.018919999999999826
5l4f,5cnh,1.4800200000000001,1.4189399999999999,0.061080000000000245
5u6a,6b9z,1.7360200000000001,1.82005,-0.08402999999999983
5u5m,6b9z,1.87988,1.82005,0.05983000000000005
5xk7,5xk3,1.91104,1.99595,-0.08490999999999982
4ur7,5hwn,1.4990299999999999,1.4990299999999999,0.0
6qwc,6qwe,1.24011,1.3,-0.05989
6etg,5pll,1.27873,1.213,0.06572999999999984
4iu0,4ity,1.77148,1.80155,-0.03007000000000004
4iu1,4iu5,1.95035,1.9519900000000001,-0.0016400000000000858
1wpc,2d3n,1.9023700000000001,1.8998700000000002,0.0024999999999999467
3ic0,1qxe,1.80004,1.85002,-0.04997999999999991
4a86,4a88,1.58504,1.5100799999999999,0.07496000000000014
3jsg,1gd0,1.58086,1.4995100000000001,0.08134999999999981
3trn,2d4m,1.83002,1.8500900000000002,-0.020070000000000254
4a83,4a88,1.5401,1.5100799999999999,0.030020000000000158
2ad7,2ad6,1.49745,1.49858,-0.0011300000000000754
6eox,2oxu,1.29818,1.24294,0.055239999999999956
2ooh,4p0h,1.84991,1.9311,-0.0811900000000001
4glj,4glf,1.9000599999999999,1.98048,-0.08042000000000016
2d20,2d23,1.8521400000000001,1.95125,-0.09910999999999981
1u0f,1u0e,1.59886,1.59989,-0.0010300000000000864
4eyr,3ou1,1.8000900000000002,1.8002,-0.00010999999999983245
3le8,1mop,1.7,1.60026,0.09973999999999994
4ws8,4wrx,1.4,1.40002,-2.0000000000131024e-05
2eku,1mbo,1.4005,1.50021,-0.09970999999999997
4ws4,4ws2,1.1790100000000001,1.13101,0.04800000000000004
4wrz,4wpl,1.19269,1.15001,0.04268000000000005
4yv5,6b80,1.9000099999999998,1.94887,-0.04886000000000035
2hmm,4hkv,1.60002,1.65,-0.04997999999999991
6q30,5zr8,1.49986,1.5000200000000001,-0.00016000000000016001
5zj1,5zj8,0.9590129999999999,0.9596680000000001,-0.0006550000000001832
2hmk,4hkv,1.65002,1.65,2.0000000000131024e-05
2yvo,2yvm,1.67068,1.69665,-0.02597000000000005
5zj7,5zj8,0.96331,0.9596680000000001,0.003641999999999923
2yvp,2yvm,1.6600099999999998,1.69665,-0.03664000000000023
5zio,5zgi,0.979923,0.979994,-7.100000000004325e-05
2hmo,4hkv,1.60001,1.65,-0.04998999999999998
1ml7,4hpd,1.24974,1.30001,-0.05027000000000004
3a8m,3x26,1.31864,1.34016,-0.021519999999999984
3trq,3us3,1.76003,1.7385,0.02153000000000005
3r1z,3r0u,1.89999,1.9,-9.999999999843467e-06
2f2t,2a0k,1.7,1.79843,-0.09843000000000002
3pa2,3q6q,1.48,1.43,0.050000000000000044
3i8u,2d1e,1.4800799999999998,1.51206,-0.03198000000000012
5mte,5mtd,1.4000700000000001,1.50004,-0.09996999999999989
3q3a,3q6q,1.4,1.43,-0.030000000000000027
2pll,2pha,1.90008,1.9000400000000002,3.999999999981796e-05
5o4k,3g5f,1.4979200000000001,1.4,0.09792000000000023
2ex8,2ex2,1.59982,1.5504799999999999,0.04934000000000016
4za2,4z9y,1.55,1.62788,-0.07787999999999995
4llp,4ms0,1.7490299999999999,1.7907799999999998,-0.041749999999999954
2oun,2oup,1.56037,1.5607799999999998,-0.0004099999999997994
1qxr,1qxj,1.6992099999999999,1.79823,-0.09902000000000011
5y1v,5y1w,1.619,1.55955,0.05945
5o0c,5o06,1.6420099999999997,1.54661,0.09539999999999971
3jup,3b4o,1.9000099999999998,1.9000099999999998,0.0
1qy4,1qxj,1.7985200000000001,1.79823,0.0002900000000001235
5o0d,5o06,1.5385,1.54661,-0.008110000000000062
4ym9,1gwa,1.7987099999999998,1.8500299999999998,-0.05132000000000003
6czw,6d0c,1.6,1.50001,0.09999000000000002
2buu,2but,1.79027,1.85093,-0.060659999999999936
2buz,2bux,1.7900099999999999,1.79,9.999999999843467e-06
2bv0,2bux,1.79046,1.79,0.00045999999999990493
2buv,2but,1.8006099999999998,1.85093,-0.05032000000000014
6d0b,6d0c,1.59998,1.50001,0.09996999999999989
4zar,3qmp,1.1502299999999999,1.10004,0.05018999999999996
2buw,2but,1.7902799999999999,1.85093,-0.06065000000000009
2buy,2bux,1.7903799999999999,1.79,0.0003799999999998249
1koj,1hm5,1.89516,1.80013,0.09502999999999995
3sn4,3sn1,1.85833,1.7993299999999999,0.05900000000000016
5ktn,5ktr,1.34,1.33521,0.004790000000000072
3o7s,6env,1.7318799999999999,1.8203599999999998,-0.08847999999999989
3ev5,3ev0,1.6829900000000002,1.77151,-0.08851999999999971
4r4q,5n8a,1.34786,1.2800200000000002,0.0678399999999999
5e7n,4ipc,1.21002,1.22,-0.009979999999999878
2zbr,1ufk,1.8746900000000002,1.8979599999999999,-0.02326999999999968
4j61,4j64,1.69029,1.7809700000000002,-0.0906800000000001
4g8y,5jmg,1.8000900000000002,1.8498900000000003,-0.049800000000000066
3scs,3scr,1.85412,1.8040599999999998,0.050060000000000215
4j60,4j64,1.6898099999999998,1.7809700000000002,-0.09116000000000035
1w1t,1gpf,1.90045,1.8482900000000002,0.05215999999999976
1w1v,1gpf,1.8480400000000001,1.8482900000000002,-0.0002500000000000835
2hob,2z9g,1.94852,1.8585099999999999,0.09001000000000015
3vb5,3vb7,1.95,1.9500099999999998,-9.999999999843467e-06
5il1,5k7m,1.7067,1.64979,0.056910000000000016
2gx4,2z9g,1.92999,1.8585099999999999,0.07148000000000021
2ya8,2ya4,1.74918,1.80105,-0.05187000000000008
4oqh,4opy,1.70012,1.75006,-0.04993999999999987
3l2x,5nx0,1.8004099999999998,1.80318,-0.0027700000000001612
3szn,2z94,1.68901,1.78,-0.09099000000000013
3wn0,3wmz,1.90002,1.9020099999999998,-0.0019899999999997142
4dpu,4dpx,1.9002299999999999,1.9484400000000002,-0.04821000000000031
4wjn,4wjo,1.5000200000000001,1.45774,0.042280000000000095
6bgb,4nfo,1.5988200000000001,1.60931,-0.010489999999999888
6fe3,4i15,1.62002,1.6505900000000002,-0.030570000000000208
4fej,2xnz,1.5,1.59402,-0.09401999999999999
6gpc,6gpd,1.7480000000000002,1.74738,0.000620000000000287
3reu,3p8y,1.9000099999999998,1.8000099999999999,0.09999999999999987
3reu,3p8v,1.9000099999999998,1.8000099999999999,0.09999999999999987
2dio,2q4i,1.7,1.68995,0.010049999999999892
2dio,1z8k,1.7,1.68995,0.010049999999999892
3rex,3p8y,1.8000099999999999,1.8000099999999999,0.0
3rex,3p8v,1.8000099999999999,1.8000099999999999,0.0
5e72,5e71,1.7389599999999998,1.7,0.038959999999999884
4feo,2xnz,1.59988,1.59402,0.005859999999999976
5cq7,5pff,1.8555,1.95215,-0.09665000000000012
5epb,4qsp,1.5,1.6,-0.10000000000000009
5cq4,5pgo,1.78213,1.88052,-0.09838999999999998
5cq3,5pcj,1.92465,1.9748700000000001,-0.05022000000000015
5cua,5pff,1.89011,1.95215,-0.062040000000000095
5cud,5pbn,1.75,1.8450099999999998,-0.09500999999999982
5cug,5pdw,1.77997,1.87782,-0.09784999999999999
5cq8,5pcd,1.65078,1.749,-0.0982200000000002
5cq6,5pcj,1.97029,1.9748700000000001,-0.0045800000000000285
4nra,5e9m,1.8500599999999998,1.7776900000000002,0.0723699999999996
4ir5,5e9m,1.70003,1.7776900000000002,-0.07766000000000028
4xua,5e9m,1.7500099999999998,1.7776900000000002,-0.02768000000000037
3acw,2zco,1.63,1.57935,0.05064999999999986
3n2u,4ijo,1.81002,1.9002299999999999,-0.0902099999999999
3lk8,2oxz,1.8001,1.90005,-0.09994999999999998
3f18,2oxw,1.127,1.15,-0.02299999999999991
3f17,2oxw,1.10038,1.15,-0.04962
3pb8,3pb6,1.13022,1.04934,0.08088000000000006
3ehx,2oxz,1.90002,1.90005,-2.999999999997449e-05
3f1a,2oxu,1.25001,1.24294,0.007070000000000132
3ehy,2oxz,1.9000299999999999,1.90005,-2.0000000000131024e-05
4ir6,5e9m,1.8000099999999999,1.7776900000000002,0.022319999999999673
4nrc,5pem,1.8600599999999998,1.9500099999999998,-0.08994999999999997
4nrc,5pg7,1.8600599999999998,1.9500099999999998,-0.08994999999999997
6a1c,3at2,1.68301,1.6006799999999999,0.08233000000000001
6fm7,6fm6,1.04026,1.04988,-0.009619999999999962
4qf7,2q1p,1.47914,1.49921,-0.020070000000000032
5y9a,6jkx,1.10001,1.07989,0.020119999999999916
3grr,3fyd,1.8000099999999999,1.7500099999999998,0.050000000000000044
3thh,3mjl,1.8501,1.90182,-0.05171999999999999
2qoa,4q7p,1.60002,1.65005,-0.05003000000000002
4yx9,4eus,1.75,1.6500099999999998,0.09999000000000025
4fck,3mjl,1.9010200000000002,1.90182,-0.0007999999999999119
5tnp,5tnn,1.85001,1.9500099999999998,-0.09999999999999987
1jd0,1jcz,1.49807,1.45001,0.04805999999999999
5tng,4dnf,1.7499799999999999,1.8,-0.050020000000000175
5tng,5tnl,1.7499799999999999,1.8,-0.050020000000000175
5mzy,5mzw,1.6,1.5,0.10000000000000009
5tne,5tni,1.74993,1.8,-0.05007000000000006
1tky,1tje,1.48003,1.5000200000000001,-0.019990000000000174
4m24,4ee9,1.38609,1.38106,0.00503000000000009
5tnf,5tni,1.7499099999999999,1.8,-0.05009000000000019
4pce,5f60,1.29284,1.35007,-0.057230000000000114
4pci,4ioo,1.25003,1.25001,1.999999999990898e-05
4f3i,2oss,1.3993200000000001,1.34992,0.04940000000000011
6ft3,5f60,1.27903,1.35007,-0.07104000000000021
4o7b,5hcl,1.50098,1.49981,0.0011699999999998933
4o72,5hcl,1.4,1.49981,-0.09981000000000018
5kj0,5hcl,1.5099799999999999,1.49981,0.01016999999999979
3u5l,5f60,1.38998,1.35007,0.03990999999999989
5f63,5hcl,1.45001,1.49981,-0.049800000000000066
4o7a,5f60,1.33969,1.35007,-0.010380000000000056
5e0r,2oss,1.3519999999999999,1.34992,0.0020799999999998597
5f62,5f60,1.35005,1.35007,-2.0000000000131024e-05
1kjr,5nf7,1.57237,1.58722,-0.01485000000000003
3bet,5eoi,1.80725,1.8030000000000002,0.004249999999999865
3t5u,4q7s,1.7482400000000002,1.8002599999999997,-0.05201999999999951
3caj,1cah,1.8051700000000002,1.89524,-0.09006999999999987
2hnc,4q7p,1.55188,1.65005,-0.09817000000000009
3gf2,2eb7,1.7994400000000002,1.79862,0.0008200000000000429
5bzr,4mre,1.14995,1.10439,0.045560000000000045
5bzt,4mre,1.10584,1.10439,0.0014499999999999513
3t5z,2vva,1.64946,1.55996,0.08949999999999991
5bzq,4mre,1.1083,1.10439,0.00391000000000008
5bzn,4mre,1.10792,1.10439,0.003530000000000033
4c1d,4bz3,1.19751,1.2941799999999999,-0.09666999999999981
4fci,4gwc,1.8197,1.89831,-0.07860999999999985
5bze,4mre,1.11366,1.10439,0.009270000000000111
5bzs,4mre,1.12,1.10439,0.015610000000000124
5bzp,4mre,1.1060299999999998,1.10439,0.0016399999999998638
4np2,4mre,1.10645,1.10439,0.0020599999999999508
4mrf,4mre,1.1055700000000002,1.10439,0.001180000000000181
4mrh,4mre,1.12,1.10439,0.015610000000000124
4np3,4mre,1.10571,1.10439,0.0013199999999999878
5bzm,4mre,1.1074,1.10439,0.003009999999999957
5evk,1sml,1.62703,1.71,-0.08296999999999999
5bzo,4mre,1.10629,1.10439,0.0019000000000000128
5bzc,4mre,1.11401,1.10439,0.009619999999999962
5bzi,4mre,1.1140299999999999,1.10439,0.009639999999999871
5bzk,4mre,1.1064399999999999,1.10439,0.0020499999999998852
3b00,3azy,1.7405700000000002,1.649,0.09157000000000015
4mrg,4mre,1.10817,1.10439,0.0037800000000001166
5bzl,4mre,1.1214600000000001,1.10439,0.01707000000000014
5bzj,4mre,1.11212,1.10439,0.007730000000000015
5bzh,4mre,1.10832,1.10439,0.003929999999999989
4xil,4xik,1.9000099999999998,1.91,-0.009990000000000165
1ozq,1ozm,1.89915,1.95098,-0.05183000000000004
4fpj,4foq,1.9811299999999998,1.9901,-0.008970000000000145
4xju,4xik,1.98,1.91,0.07000000000000006
5e3k,5eav,1.69718,1.5976,0.09958
2rca,2rcb,1.58425,1.62001,-0.035760000000000014
4xe9,4xik,1.8390099999999998,1.91,-0.07099000000000011
4xja,4xik,1.98,1.91,0.07000000000000006
4fph,4foq,1.9384599999999998,1.9901,-0.05164000000000013
4xjw,4xjz,1.52601,1.56,-0.033989999999999965
